Year,AAR,ELA_from_AAR_m,site_name,O1Region,O2Region,Week,PA_Ratio,Area,Zmin,Zmax,Zmed,Slope,Aspect,Hypsometric_Index,Hypsometric_Index_Category
2017,0.21837424,2047.74,Gulkana,1.0,2.0,32.0,9.448762749020023,17.567,1162,2438,1858,14.0,172,-1.1400534622944591,Equidimensional
2019,0.45381448,1897.32,Gulkana,1.0,2.0,32.0,9.448762749020023,17.567,1162,2438,1858,14.0,172,-1.1400534622944591,Equidimensional
2020,0.813879,1568.79,Gulkana,1.0,2.0,32.0,9.448762749020023,17.567,1162,2438,1858,14.0,172,-1.1400534622944591,Equidimensional
2021,0.9404698,1406.05,Gulkana,1.0,2.0,32.0,9.448762749020023,17.567,1162,2438,1858,14.0,172,-1.1400534622944591,Equidimensional
2017,0.217741,2036.23,RGI60-01.00037,1.0,2.0,32.0,26.81202686701861,234.583,722,3081,1841,12.0,30,-1.4939158684288183,Top heavy
2019,0.346442215,1927.1399999999999,RGI60-01.00037,1.0,2.0,32.0,26.81202686701861,234.583,722,3081,1841,12.0,30,-1.4939158684288183,Top heavy
2020,0.45856372,1847.19,RGI60-01.00037,1.0,2.0,32.0,26.81202686701861,234.583,722,3081,1841,12.0,30,-1.4939158684288183,Top heavy
2015,0.36518896,2408.89,RGI60-01.00038,1.0,2.0,32.0,9.623124702776575,138.555,851,3857,2088,17.0,28,1.5160547494888306,Very bottom heavy
2019,0.42693718,2227.73,RGI60-01.00038,1.0,2.0,32.0,9.623124702776575,138.555,851,3857,2088,17.0,28,1.5160547494888306,Very bottom heavy
2022,0.84191248,1210.965,RGI60-01.00038,1.0,2.0,32.0,9.623124702776575,138.555,851,3857,2088,17.0,28,1.5160547494888306,Very bottom heavy
2019,0.33657793999999996,1826.4099999999999,RGI60-01.00046,1.0,2.0,32.0,17.149180680468977,193.423,844,3472,1613,10.0,213,-1.1025234364536858,Equidimensional
2020,0.452724935,1646.6750000000002,RGI60-01.00046,1.0,2.0,32.0,17.149180680468977,193.423,844,3472,1613,10.0,213,-1.1025234364536858,Equidimensional
2022,0.66188733,1348.0206138738256,RGI60-01.00046,1.0,2.0,32.0,17.149180680468977,193.423,844,3472,1613,10.0,213,-1.1025234364536858,Equidimensional
2019,0.271572135,1887.0900000000001,RGI60-01.00312,1.0,2.0,32.0,14.427265426817064,90.948,1062,2973,1652,11.0,169,2.4278571605682373,Very bottom heavy
2020,0.50200397,1621.125,RGI60-01.00312,1.0,2.0,32.0,14.427265426817064,90.948,1062,2973,1652,11.0,169,2.4278571605682373,Very bottom heavy
2017,0.14595711,1846.65,RGI60-01.00576,1.0,2.0,32.0,15.210495673331248,77.87,824,3117,1543,15.0,16,2.7059121131896973,Very bottom heavy
2019,0.22853277500000002,1650.74,RGI60-01.00576,1.0,2.0,32.0,15.210495673331248,77.87,824,3117,1543,15.0,16,2.7059121131896973,Very bottom heavy
2020,0.33832713999999997,1517.3600000000001,RGI60-01.00576,1.0,2.0,32.0,15.210495673331248,77.87,824,3117,1543,15.0,16,2.7059121131896973,Very bottom heavy
2018,0.51514167,1189.27,RGI60-01.12370,1.0,2.0,32.0,9.937927052314668,240.647,183,3463,1286,15.0,72,2.170082092285156,Very bottom heavy
2019,0.4536371,1319.345,RGI60-01.12370,1.0,2.0,32.0,9.937927052314668,240.647,183,3463,1286,15.0,72,2.170082092285156,Very bottom heavy
2020,0.41714908,1381.1799999999998,RGI60-01.12370,1.0,2.0,32.0,9.937927052314668,240.647,183,3463,1286,15.0,72,2.170082092285156,Very bottom heavy
2022,0.40864345,1395.0,RGI60-01.12370,1.0,2.0,32.0,9.937927052314668,240.647,183,3463,1286,15.0,72,2.170082092285156,Very bottom heavy
2019,0.5398137,1517.63,RGI60-01.19460,1.0,2.0,32.0,17.330650762887146,158.24,166,2301,1558,13.0,138,-1.841159486452941,Very top heavy
2020,0.49088360999999997,1552.25,RGI60-01.19460,1.0,2.0,32.0,17.330650762887146,158.24,166,2301,1558,13.0,138,-1.841159486452941,Very top heavy
2022,0.50733447,1540.82,RGI60-01.19460,1.0,2.0,32.0,17.330650762887146,158.24,166,2301,1558,13.0,138,-1.841159486452941,Very top heavy
2018,0.4296515,1123.42,RGI60-01.19592,1.0,2.0,32.0,7.2032623128778095,17.956,493,2725,1190,16.0,329,1.639817714691162,Very bottom heavy
2019,0.25288683,1261.78,RGI60-01.19592,1.0,2.0,32.0,7.2032623128778095,17.956,493,2725,1190,16.0,329,1.639817714691162,Very bottom heavy
2021,0.35602661999999996,1174.1,RGI60-01.19592,1.0,2.0,32.0,7.2032623128778095,17.956,493,2725,1190,16.0,329,1.639817714691162,Very bottom heavy
2022,0.027174671499999997,2036.74,RGI60-01.19592,1.0,2.0,32.0,7.2032623128778095,17.956,493,2725,1190,16.0,329,1.639817714691162,Very bottom heavy
2018,0.11126842,1466.2,RGI60-01.19599,1.0,2.0,32.0,7.305570098895271,12.565,273,2661,521,14.0,8,8.94229507446289,Very bottom heavy
2019,0.14872322,1357.5500000000002,RGI60-01.19599,1.0,2.0,32.0,7.305570098895271,12.565,273,2661,521,14.0,8,8.94229507446289,Very bottom heavy
2021,0.22742837999999999,1151.1999999999998,RGI60-01.19599,1.0,2.0,32.0,7.305570098895271,12.565,273,2661,521,14.0,8,8.94229507446289,Very bottom heavy
2022,0.08694740599999999,1595.4650000000001,RGI60-01.19599,1.0,2.0,32.0,7.305570098895271,12.565,273,2661,521,14.0,8,8.94229507446289,Very bottom heavy
2019,0.365104125,1280.21,RGI60-01.19682,1.0,2.0,32.0,17.156110138241022,71.049,174,1795,1182,15.0,352,-1.5715373769011802,Very top heavy
2020,0.28978737,1344.545,RGI60-01.19682,1.0,2.0,32.0,17.156110138241022,71.049,174,1795,1182,15.0,352,-1.5715373769011802,Very top heavy
2019,0.22049455,1315.0949999999998,RGI60-01.19773,1.0,2.0,32.0,8.210297654364457,49.721,82,2865,566,13.0,107,4.404884338378906,Very bottom heavy
2021,0.31984094,1023.495,RGI60-01.19773,1.0,2.0,32.0,8.210297654364457,49.721,82,2865,566,13.0,107,4.404884338378906,Very bottom heavy
2019,0.47561775,1221.26,RGI60-01.19790,1.0,2.0,32.0,11.247380224198324,37.521,325,1809,1217,13.0,110,-1.4991760312209197,Top heavy
2020,0.491304365,1212.825,RGI60-01.19790,1.0,2.0,32.0,11.247380224198324,37.521,325,1809,1217,13.0,110,-1.4991760312209197,Top heavy
2022,0.4550025,1230.41,RGI60-01.19790,1.0,2.0,32.0,11.247380224198324,37.521,325,1809,1217,13.0,110,-1.4991760312209197,Top heavy
2018,0.75139177,1085.06,RGI60-01.19814,1.0,2.0,32.0,10.867859509178606,173.212,41,2312,1372,11.0,117,-1.405805734510842,Top heavy
2019,0.69617535,1166.51,RGI60-01.19814,1.0,2.0,32.0,10.867859509178606,173.212,41,2312,1372,11.0,117,-1.405805734510842,Top heavy
2020,0.63343875,1236.46,RGI60-01.19814,1.0,2.0,32.0,10.867859509178606,173.212,41,2312,1372,11.0,117,-1.405805734510842,Top heavy
2021,0.675986175,1189.12,RGI60-01.19814,1.0,2.0,32.0,10.867859509178606,173.212,41,2312,1372,11.0,117,-1.405805734510842,Top heavy
2022,0.60165355,1275.125,RGI60-01.19814,1.0,2.0,32.0,10.867859509178606,173.212,41,2312,1372,11.0,117,-1.405805734510842,Top heavy
2018,0.7021662,1059.11,RGI60-01.19825,1.0,2.0,32.0,8.708951184298801,132.446,77,1975,1293,10.0,109,-1.7235403695378306,Very top heavy
2019,0.5857940500000001,1204.41,RGI60-01.19825,1.0,2.0,32.0,8.708951184298801,132.446,77,1975,1293,10.0,109,-1.7235403695378306,Very top heavy
2020,0.49175818000000004,1281.8249999999998,RGI60-01.19825,1.0,2.0,32.0,8.708951184298801,132.446,77,1975,1293,10.0,109,-1.7235403695378306,Very top heavy
2021,0.61073703,1176.9299999999998,RGI60-01.19825,1.0,2.0,32.0,8.708951184298801,132.446,77,1975,1293,10.0,109,-1.7235403695378306,Very top heavy
2022,0.5282984,1252.605,RGI60-01.19825,1.0,2.0,32.0,8.708951184298801,132.446,77,1975,1293,10.0,109,-1.7235403695378306,Very top heavy
2018,0.6020037,1165.9105,RGI60-01.12425,1.0,2.0,32.0,11.611081074408023,341.521,137,3449,1320,12.0,88,1.8487871885299685,Very bottom heavy
2019,0.5783523,1199.189,RGI60-01.12425,1.0,2.0,32.0,11.611081074408023,341.521,137,3449,1320,12.0,88,1.8487871885299685,Very bottom heavy
2020,0.48511997,1321.3602,RGI60-01.12425,1.0,2.0,32.0,11.611081074408023,341.521,137,3449,1320,12.0,88,1.8487871885299685,Very bottom heavy
2022,0.46946764,1341.8636,RGI60-01.12425,1.0,2.0,32.0,11.611081074408023,341.521,137,3449,1320,12.0,88,1.8487871885299685,Very bottom heavy
2017,0.48180228,2040.7726,RGI60-01.15769,1.0,2.0,32.0,9.746465588409873,1028.799,870,4166,2248,9.0,45,2.208752155303955,Very bottom heavy
2021,0.80522496,1598.2107,RGI60-01.15769,1.0,2.0,32.0,9.746465588409873,1028.799,870,4166,2248,9.0,45,2.208752155303955,Very bottom heavy
2022,0.9236462,1169.8267,RGI60-01.15769,1.0,2.0,32.0,9.746465588409873,1028.799,870,4166,2248,9.0,45,2.208752155303955,Very bottom heavy
2015,0.6721345,2184.8013,RGI60-01.15788,1.0,2.0,32.0,9.3713474401548,283.251,1064,3218,2379,13.0,11,-1.5551684189469854,Very top heavy
2017,0.6453083,2214.6038,RGI60-01.15788,1.0,2.0,32.0,9.3713474401548,283.251,1064,3218,2379,13.0,11,-1.5551684189469854,Very top heavy
2021,0.80350685,1777.4738,RGI60-01.15788,1.0,2.0,32.0,9.3713474401548,283.251,1064,3218,2379,13.0,11,-1.5551684189469854,Very top heavy
2017,0.0044985083,1488.6,RGI60-01.08246,1.0,3.0,34.0,4.533997731825227,11.147,523,1520,1057,13.0,14,-1.1507511989552353,Equidimensional
2020,0.5313427,1052.34,RGI60-01.08248,1.0,3.0,34.0,5.314723643953669,5.094,533,1538,1081,14.0,149,-1.5842681562895309,Very top heavy
2014,0.7512168,1192.59,RGI60-01.08288,1.0,3.0,34.0,5.330123074681878,65.104,575,2364,1363,8.0,191,-1.3274175648068054,Top heavy
2019,0.5382507,1409.23,RGI60-01.08288,1.0,3.0,34.0,5.330123074681878,65.104,575,2364,1363,8.0,191,-1.3274175648068054,Top heavy
2020,0.53740029,1409.38,RGI60-01.08288,1.0,3.0,34.0,5.330123074681878,65.104,575,2364,1363,8.0,191,-1.3274175648068054,Top heavy
2020,0.63719238,1366.98,RGI60-01.08296,1.0,3.0,34.0,8.673699103291169,40.202,233,2453,1611,9.0,134,-1.5553825211816972,Very top heavy
2019,0.5018289650000001,1278.63,RGI60-01.20180,1.0,3.0,34.0,7.596077432915515,14.414,588,2159,1278,14.0,324,1.2822871208190918,Bottom heavy
2020,0.34674699,1385.25,RGI60-01.20180,1.0,3.0,34.0,7.596077432915515,14.414,588,2159,1278,14.0,324,1.2822871208190918,Bottom heavy
2019,0.552782965,1389.54,RGI60-01.20181,1.0,3.0,34.0,5.004136527903831,5.849,874,1838,1416,16.0,163,-1.2691428792749526,Top heavy
2020,0.49865043,1417.31,RGI60-01.20181,1.0,3.0,34.0,5.004136527903831,5.849,874,1838,1416,16.0,163,-1.2691428792749526,Top heavy
2019,0.20268735,857.14,RGI60-01.20186,1.0,3.0,34.0,7.133566579569757,14.558,293,1980,894,13.0,349,1.6082199811935425,Very bottom heavy
2020,0.17255077,889.52,RGI60-01.20186,1.0,3.0,34.0,7.133566579569757,14.558,293,1980,894,13.0,349,1.6082199811935425,Very bottom heavy
2019,0.4160646,1274.67,RGI60-01.20196,1.0,3.0,34.0,11.267573070373617,15.89,442,1825,1211,11.0,2,-1.2663205269069455,Top heavy
2020,0.35136663,1338.5749999999998,RGI60-01.20196,1.0,3.0,34.0,11.267573070373617,15.89,442,1825,1211,11.0,2,-1.2663205269069455,Top heavy
2021,0.032820314,1571.1,RGI60-01.20196,1.0,3.0,34.0,11.267573070373617,15.89,442,1825,1211,11.0,2,-1.2663205269069455,Top heavy
2019,0.5479241850000001,1355.415,RGI60-01.20272,1.0,3.0,34.0,5.811267060186873,16.74,394,2142,1407,16.0,340,-1.3962271311143342,Top heavy
2020,0.38908103,1533.4299999999998,RGI60-01.20272,1.0,3.0,34.0,5.811267060186873,16.74,394,2142,1407,16.0,340,-1.3962271311143342,Top heavy
2019,0.5588084,1132.3399609797852,RGI60-01.20274,1.0,3.0,34.0,7.327245929447974,37.26,166,2118,1189,11.0,131,-1.1128470189688324,Equidimensional
2017,0.5509001,696.92,RGI60-01.20279,1.0,3.0,34.0,6.687968608808806,10.064,193,2002,1143,16.0,6,-1.248592291156334,Top heavy
2019,0.547676115,696.3299999999999,RGI60-01.20279,1.0,3.0,34.0,6.687968608808806,10.064,193,2002,1143,16.0,6,-1.248592291156334,Top heavy
2020,0.521841215,720.2550000000001,RGI60-01.20279,1.0,3.0,34.0,6.687968608808806,10.064,193,2002,1143,16.0,6,-1.248592291156334,Top heavy
2019,0.448110225,1186.8,RGI60-01.20286,1.0,3.0,34.0,9.0560076607118,6.976,281,2049,1096,18.0,224,1.1123590469360352,Equidimensional
2020,0.31042567,1336.82,RGI60-01.20286,1.0,3.0,34.0,9.0560076607118,6.976,281,2049,1096,18.0,224,1.1123590469360352,Equidimensional
2019,0.214514695,1319.385,RGI60-01.20302,1.0,3.0,34.0,7.026551471933526,8.028,422,1743,1217,10.0,201,-1.636076260436349,Very top heavy
2020,0.169212095,1348.105,RGI60-01.20302,1.0,3.0,34.0,7.026551471933526,8.028,422,1743,1217,10.0,201,-1.636076260436349,Very top heavy
2019,0.62847743,788.3299999999999,RGI60-01.20303,1.0,3.0,34.0,6.857905793078228,5.687,232,1279,817,11.0,152,-1.3139463542119438,Top heavy
2020,0.23698881,906.25,RGI60-01.20303,1.0,3.0,34.0,6.857905793078228,5.687,232,1279,817,11.0,152,-1.3139463542119438,Top heavy
2021,0.58199287,789.895,RGI60-01.20303,1.0,3.0,34.0,6.857905793078228,5.687,232,1279,817,11.0,152,-1.3139463542119438,Top heavy
2022,0.49514635,813.9300000000001,RGI60-01.20303,1.0,3.0,34.0,6.857905793078228,5.687,232,1279,817,11.0,152,-1.3139463542119438,Top heavy
2019,0.31542884,1200.0,RGI60-01.20309,1.0,3.0,34.0,8.079227851302676,11.838,685,1687,1048,14.0,331,1.777112364768982,Very bottom heavy
2020,0.330815005,1184.01,RGI60-01.20309,1.0,3.0,34.0,8.079227851302676,11.838,685,1687,1048,14.0,331,1.777112364768982,Very bottom heavy
2019,0.460436625,1305.4850000000001,RGI60-01.20324,1.0,3.0,34.0,6.143692603337362,10.118,643,1795,1301,11.0,288,-1.308859783033364,Top heavy
2020,0.2117433,1493.48,RGI60-01.20324,1.0,3.0,34.0,6.143692603337362,10.118,643,1795,1301,11.0,288,-1.308859783033364,Top heavy
2021,0.0017607218,1763.5,RGI60-01.20324,1.0,3.0,34.0,6.143692603337362,10.118,643,1795,1301,11.0,288,-1.308859783033364,Top heavy
2019,0.34023136,807.03642,RGI60-01.08155,1.0,3.0,34.0,5.890414709923429,5.261,350,1139,792,19.0,91,1.0254192352294922,Equidimensional
2020,0.18508512,879.9893,RGI60-01.08155,1.0,3.0,34.0,5.890414709923429,5.261,350,1139,792,19.0,91,1.0254192352294922,Equidimensional
2022,0.36440744999999997,797.8516999999999,RGI60-01.08155,1.0,3.0,34.0,5.890414709923429,5.261,350,1139,792,19.0,91,1.0254192352294922,Equidimensional
2019,0.66665703,776.2724499999999,RGI60-01.08174,1.0,3.0,34.0,7.727225241274117,14.099,228,1266,867,11.0,97,-1.0459332535224903,Equidimensional
2019,0.31102295999999996,908.4352,RGI60-01.08336,1.0,3.0,34.0,5.551031789168444,13.637,478,1899,826,10.0,214,2.994297742843628,Very bottom heavy
2019,0.123304745,1187.9583499999999,RGI60-01.08353,1.0,3.0,34.0,7.143028476141448,5.936,575,1462,941,16.0,327,1.4631752967834473,Bottom heavy
2021,0.6870397850000001,854.62337,RGI60-01.08403,1.0,3.0,34.0,5.429219719632302,33.823,315,1534,963,7.0,121,-1.2015168552160391,Top heavy
2019,0.62847743,788.17297,RGI60-01.10689,1.0,3.0,34.0,6.857905793078228,5.687,232,1279,817,11.0,152,-1.312727960995964,Top heavy
2020,0.23698881,906.176475,RGI60-01.10689,1.0,3.0,34.0,6.857905793078228,5.687,232,1279,817,11.0,152,-1.312727960995964,Top heavy
2021,0.58199287,789.79165,RGI60-01.10689,1.0,3.0,34.0,6.857905793078228,5.687,232,1279,817,11.0,152,-1.312727960995964,Top heavy
2022,0.49514635,813.85785,RGI60-01.10689,1.0,3.0,34.0,6.857905793078228,5.687,232,1279,817,11.0,152,-1.312727960995964,Top heavy
2020,0.8120008,1860.0604,RGI60-01.08302,1.0,3.0,34.0,7.153682544512814,43.296,477,2157,1837,7.0,262,-4.259375004363537,Very top heavy
2013,0.38824055,1068.5,RGI60-01.01733,1.0,4.0,34.0,18.300720222298093,119.101,110,2235,920,11.0,346,1.844995260238648,Very bottom heavy
2019,0.218461295,1354.08,RGI60-01.01733,1.0,4.0,34.0,18.300720222298093,119.101,110,2235,920,11.0,346,1.844995260238648,Very bottom heavy
2020,0.25356631,1296.63,RGI60-01.01733,1.0,4.0,34.0,18.300720222298093,119.101,110,2235,920,11.0,346,1.844995260238648,Very bottom heavy
2021,0.230185325,1334.925,RGI60-01.01733,1.0,4.0,34.0,18.300720222298093,119.101,110,2235,920,11.0,346,1.844995260238648,Very bottom heavy
2020,0.598322925,1415.665,RGI60-01.10778,1.0,4.0,34.0,20.60668963712596,373.04,541,2893,1462,8.0,21,1.5201199054718018,Very bottom heavy
2021,0.78847575,1194.49,RGI60-01.10778,1.0,4.0,34.0,20.60668963712596,373.04,541,2893,1462,8.0,21,1.5201199054718018,Very bottom heavy
2020,0.12756194,1773.21,RGI60-01.10857,1.0,4.0,34.0,6.142122763677206,0.416,1507,1907,1665,19.0,9,1.1944608688354492,Equidimensional
2021,0.963775635,1564.8390122322314,RGI60-01.10857,1.0,4.0,34.0,6.142122763677206,0.416,1507,1907,1665,19.0,9,1.1944608688354492,Equidimensional
2019,0.559553025,1138.525,RGI60-01.17761,1.0,4.0,34.0,8.742864720255174,307.536,67,1915,1180,5.0,300,-1.5225063415016618,Very top heavy
2020,0.426142535,1233.99,RGI60-01.17761,1.0,4.0,34.0,8.742864720255174,307.536,67,1915,1180,5.0,300,-1.5225063415016618,Very top heavy
2019,0.59458725,1152.625,RGI60-01.17774,1.0,4.0,34.0,7.156367967606246,171.454,133,1820,1194,7.0,3,-1.8916811413307897,Very top heavy
2020,0.53811914,1182.71,RGI60-01.17774,1.0,4.0,34.0,7.156367967606246,171.454,133,1820,1194,7.0,3,-1.8916811413307897,Very top heavy
2019,0.6008770999999999,1034.815,RGI60-01.17803,1.0,4.0,34.0,9.269192113983628,198.091,3,1749,1152,7.0,84,-1.8391448114136228,Very top heavy
2020,0.58980554,1057.75,RGI60-01.17803,1.0,4.0,34.0,9.269192113983628,198.091,3,1749,1152,7.0,84,-1.8391448114136228,Very top heavy
2015,0.9597949,511.81,RGI60-01.17807,1.0,4.0,34.0,7.417788555201022,141.533,0,1874,1289,7.0,103,-3.123978568334266,Very top heavy
2019,0.8498555999999999,979.185,RGI60-01.17807,1.0,4.0,34.0,7.417788555201022,141.533,0,1874,1289,7.0,103,-3.123978568334266,Very top heavy
2020,0.8807173,941.55,RGI60-01.17807,1.0,4.0,34.0,7.417788555201022,141.533,0,1874,1289,7.0,103,-3.123978568334266,Very top heavy
2015,0.62002665,1754.81,RGI60-01.23597,1.0,4.0,34.0,6.351115989502695,5.327,1476,2690,1846,16.0,348,2.580719470977783,Very bottom heavy
2018,0.045984507,2457.99,RGI60-01.23597,1.0,4.0,34.0,6.351115989502695,5.327,1476,2690,1846,16.0,348,2.580719470977783,Very bottom heavy
2020,0.208036765,2106.8149999999996,RGI60-01.23597,1.0,4.0,34.0,6.351115989502695,5.327,1476,2690,1846,16.0,348,2.580719470977783,Very bottom heavy
2021,0.9135463,1601.79,RGI60-01.23597,1.0,4.0,34.0,6.351115989502695,5.327,1476,2690,1846,16.0,348,2.580719470977783,Very bottom heavy
2013,0.5674895,781.78,RGI60-01.23635,1.0,4.0,34.0,19.43894113071776,129.755,0,2822,800,16.0,142,2.5045604705810547,Very bottom heavy
2014,0.4817399,938.13,RGI60-01.23635,1.0,4.0,34.0,19.43894113071776,129.755,0,2822,800,16.0,142,2.5045604705810547,Very bottom heavy
2015,0.43229297,1035.01,RGI60-01.23635,1.0,4.0,34.0,19.43894113071776,129.755,0,2822,800,16.0,142,2.5045604705810547,Very bottom heavy
2019,0.43263048,1034.24,RGI60-01.23635,1.0,4.0,34.0,19.43894113071776,129.755,0,2822,800,16.0,142,2.5045604705810547,Very bottom heavy
2020,0.37179568,1175.49,RGI60-01.23635,1.0,4.0,34.0,19.43894113071776,129.755,0,2822,800,16.0,142,2.5045604705810547,Very bottom heavy
2021,0.41119987,1080.78,RGI60-01.23635,1.0,4.0,34.0,19.43894113071776,129.755,0,2822,800,16.0,142,2.5045604705810547,Very bottom heavy
2013,0.72022116,436.18,RGI60-01.26743,1.0,4.0,34.0,10.89457409425072,46.246,97,1195,603,8.0,138,1.2512719631195068,Bottom heavy
2015,0.40494055,720.87,RGI60-01.26743,1.0,4.0,34.0,10.89457409425072,46.246,97,1195,603,8.0,138,1.2512719631195068,Bottom heavy
2019,0.3089451,813.92,RGI60-01.26743,1.0,4.0,34.0,10.89457409425072,46.246,97,1195,603,8.0,138,1.2512719631195068,Bottom heavy
2020,0.2488959,877.13,RGI60-01.26743,1.0,4.0,34.0,10.89457409425072,46.246,97,1195,603,8.0,138,1.2512719631195068,Bottom heavy
2021,0.3346078,781.45,RGI60-01.26743,1.0,4.0,34.0,10.89457409425072,46.246,97,1195,603,8.0,138,1.2512719631195068,Bottom heavy
2013,0.75877017,1061.92,Wolverine,1.0,4.0,34.0,7.462762409958186,16.749,426,1636,1267,11.0,188,-2.242006348683692,Very top heavy
2019,0.5091957300000001,1273.705,Wolverine,1.0,4.0,34.0,7.462762409958186,16.749,426,1636,1267,11.0,188,-2.242006348683692,Very top heavy
2020,0.582786485,1242.1399999999999,Wolverine,1.0,4.0,34.0,7.462762409958186,16.749,426,1636,1267,11.0,188,-2.242006348683692,Very top heavy
2021,0.635726365,1204.875,Wolverine,1.0,4.0,34.0,7.462762409958186,16.749,426,1636,1267,11.0,188,-2.242006348683692,Very top heavy
2019,0.5537675,824.28424,RGI60-01.09148,1.0,4.0,34.0,11.913888137378134,78.446,37,1809,874,10.0,322,1.112312078475952,Equidimensional
2020,0.38354754,968.5944,RGI60-01.09148,1.0,4.0,34.0,11.913888137378134,78.446,37,1809,874,10.0,322,1.112312078475952,Equidimensional
2021,0.6004367,799.388,RGI60-01.09148,1.0,4.0,34.0,11.913888137378134,78.446,37,1809,874,10.0,322,1.112312078475952,Equidimensional
2013,0.5799379,1051.2355,RGI60-01.09216,1.0,4.0,34.0,8.246501611632205,18.634,114,1643,1138,18.0,9,-2.0018816992280977,Very top heavy
2019,0.54895484,1085.0563,RGI60-01.09216,1.0,4.0,34.0,8.246501611632205,18.634,114,1643,1138,18.0,9,-2.0018816992280977,Very top heavy
2020,0.53538865,1097.843,RGI60-01.09216,1.0,4.0,34.0,8.246501611632205,18.634,114,1643,1138,18.0,9,-2.0018816992280977,Very top heavy
2021,0.59473234,1032.6416,RGI60-01.09216,1.0,4.0,34.0,8.246501611632205,18.634,114,1643,1138,18.0,9,-2.0018816992280977,Very top heavy
2013,0.62737226,838.8308,RGI60-01.09411,1.0,4.0,34.0,9.173566167327724,20.772,111,1723,942,16.0,297,-1.062865361203272,Equidimensional
2019,0.49982044,941.7689,RGI60-01.09411,1.0,4.0,34.0,9.173566167327724,20.772,111,1723,942,16.0,297,-1.062865361203272,Equidimensional
2020,0.45284152,987.83624,RGI60-01.09411,1.0,4.0,34.0,9.173566167327724,20.772,111,1723,942,16.0,297,-1.062865361203272,Equidimensional
2021,0.5566042,892.44434,RGI60-01.09411,1.0,4.0,34.0,9.173566167327724,20.772,111,1723,942,16.0,297,-1.062865361203272,Equidimensional
2013,0.9106029,582.3973,RGI60-01.09639,1.0,4.0,34.0,7.767745422604035,377.247,38,1819,972,9.0,80,-1.107331054985734,Equidimensional
2019,0.79333913,746.8697,RGI60-01.09639,1.0,4.0,34.0,7.767745422604035,377.247,38,1819,972,9.0,80,-1.107331054985734,Equidimensional
2020,0.70716774,815.51483,RGI60-01.09639,1.0,4.0,34.0,7.767745422604035,377.247,38,1819,972,9.0,80,-1.107331054985734,Equidimensional
2021,0.8416067,681.9203,RGI60-01.09639,1.0,4.0,34.0,7.767745422604035,377.247,38,1819,972,9.0,80,-1.107331054985734,Equidimensional
2019,0.5857393,1494.9414,RGI60-01.10196,1.0,4.0,34.0,14.953274345216316,427.281,40,3647,1727,9.0,302,1.1802955865859983,Equidimensional
2020,0.5534985,1580.3707,RGI60-01.10196,1.0,4.0,34.0,14.953274345216316,427.281,40,3647,1727,9.0,302,1.1802955865859983,Equidimensional
2021,0.6401236,1345.8248,RGI60-01.10196,1.0,4.0,34.0,14.953274345216316,427.281,40,3647,1727,9.0,302,1.1802955865859983,Equidimensional
2015,0.63357174,1645.7013,RGI60-01.10555,1.0,4.0,34.0,14.51869813668776,307.521,475,3883,1985,12.0,350,1.301274657249451,Bottom heavy
2020,0.5300062,1902.272,RGI60-01.10555,1.0,4.0,34.0,14.51869813668776,307.521,475,3883,1985,12.0,350,1.301274657249451,Bottom heavy
2021,0.6866001,1503.6367,RGI60-01.10555,1.0,4.0,34.0,14.51869813668776,307.521,475,3883,1985,12.0,350,1.301274657249451,Bottom heavy
2015,0.22694391,908.92,RGI60-01.14523,1.0,5.0,32.0,11.80931516282647,55.677,123,1630,707,11.0,331,1.666910171508789,Very bottom heavy
2017,0.25674689500000003,868.06,RGI60-01.14523,1.0,5.0,32.0,11.80931516282647,55.677,123,1630,707,11.0,331,1.666910171508789,Very bottom heavy
2019,0.09049736,1124.72,RGI60-01.14523,1.0,5.0,32.0,11.80931516282647,55.677,123,1630,707,11.0,331,1.666910171508789,Very bottom heavy
2021,0.31358274500000005,799.23,RGI60-01.14523,1.0,5.0,32.0,11.80931516282647,55.677,123,1630,707,11.0,331,1.666910171508789,Very bottom heavy
2013,0.56176794,2623.74,RGI60-01.16262,1.0,5.0,32.0,10.444719935583128,145.592,1293,4514,2767,20.0,19,1.263875961303711,Bottom heavy
2018,0.7142417,2344.68,RGI60-01.16262,1.0,5.0,32.0,10.444719935583128,145.592,1293,4514,2767,20.0,19,1.263875961303711,Bottom heavy
2020,0.71165851,2353.0950000000003,RGI60-01.16262,1.0,5.0,32.0,10.444719935583128,145.592,1293,4514,2767,20.0,19,1.263875961303711,Bottom heavy
2021,0.96329525,1561.815,RGI60-01.16262,1.0,5.0,32.0,10.444719935583128,145.592,1293,4514,2767,20.0,19,1.263875961303711,Bottom heavy
2022,0.840901,2052.46,RGI60-01.16262,1.0,5.0,32.0,10.444719935583128,145.592,1293,4514,2767,20.0,19,1.263875961303711,Bottom heavy
2013,0.5896871,2438.43,RGI60-01.17183,1.0,5.0,32.0,10.712571517246202,958.616,1122,4958,2644,17.0,16,1.5124515295028689,Very bottom heavy
2013,0.38142818,2508.92,RGI60-01.17464,1.0,5.0,32.0,11.827201727094888,78.043,1325,3379,2326,18.0,31,1.0475802421569824,Equidimensional
2015,0.49372983,2324.55,RGI60-01.17464,1.0,5.0,32.0,11.827201727094888,78.043,1325,3379,2326,18.0,31,1.0475802421569824,Equidimensional
2017,0.32991686,2574.01,RGI60-01.17464,1.0,5.0,32.0,11.827201727094888,78.043,1325,3379,2326,18.0,31,1.0475802421569824,Equidimensional
2020,0.4919922,2330.425,RGI60-01.17464,1.0,5.0,32.0,11.827201727094888,78.043,1325,3379,2326,18.0,31,1.0475802421569824,Equidimensional
2022,0.44360287,2417.0950000000003,RGI60-01.17464,1.0,5.0,32.0,11.827201727094888,78.043,1325,3379,2326,18.0,31,1.0475802421569824,Equidimensional
2013,0.3958299,712.95,RGI60-01.23649,1.0,5.0,32.0,16.245665766731317,832.278,24,5462,531,10.0,205,10.597591400146484,Very bottom heavy
2019,0.2955328,1000.73,RGI60-01.23649,1.0,5.0,32.0,16.245665766731317,832.278,24,5462,531,10.0,205,10.597591400146484,Very bottom heavy
2015,0.5664004,1133.68,SitKusa,1.0,5.0,32.0,14.83688706790238,176.999,0,4144,1297,23.0,83,2.397576332092285,Very bottom heavy
2017,0.499163,1254.11,SitKusa,1.0,5.0,32.0,14.83688706790238,176.999,0,4144,1297,23.0,83,2.397576332092285,Very bottom heavy
2019,0.29002753,1690.05,SitKusa,1.0,5.0,32.0,14.83688706790238,176.999,0,4144,1297,23.0,83,2.397576332092285,Very bottom heavy
2021,0.49255951,1266.6399999999999,SitKusa,1.0,5.0,32.0,14.83688706790238,176.999,0,4144,1297,23.0,83,2.397576332092285,Very bottom heavy
2015,0.922437,1130.6713,RGI60-01.14443,1.0,5.0,32.0,17.129118502967412,2834.493,0,5889,1911,12.0,151,-2.686557752281491,Very top heavy
2017,0.9082836,1164.0494,RGI60-01.14443,1.0,5.0,32.0,17.129118502967412,2834.493,0,5889,1911,12.0,151,-2.686557752281491,Very top heavy
2013,0.4721748,2505.0928,RGI60-01.17348,1.0,5.0,32.0,11.060640919665898,361.864,1218,5003,2489,16.0,336,1.6224581003189087,Very bottom heavy
2015,0.64164525,2187.671,RGI60-01.17348,1.0,5.0,32.0,11.060640919665898,361.864,1218,5003,2489,16.0,336,1.6224581003189087,Very bottom heavy
2017,0.44143552,2553.4949,RGI60-01.17348,1.0,5.0,32.0,11.060640919665898,361.864,1218,5003,2489,16.0,336,1.6224581003189087,Very bottom heavy
2022,0.6163826,2244.3909,RGI60-01.17348,1.0,5.0,32.0,11.060640919665898,361.864,1218,5003,2489,16.0,336,1.6224581003189087,Very bottom heavy
2013,0.57757366,551.7752,RGI60-01.13696,1.0,5.0,32.0,19.076033314715644,3362.656,6,5943,1510,10.0,172,3.691275358200073,Very bottom heavy
2019,0.65996253,436.16235,RGI60-01.13696,1.0,5.0,32.0,19.076033314715644,3362.656,6,5943,1510,10.0,172,3.691275358200073,Very bottom heavy
2015,0.5787923,912.92804,RGI60-01.14883,1.0,5.0,32.0,11.509727457137222,743.599,2,3104,1097,13.0,210,1.7104324102401731,Very bottom heavy
2019,0.5321936,980.55682,RGI60-01.14883,1.0,5.0,32.0,11.509727457137222,743.599,2,3104,1097,13.0,210,1.7104324102401731,Very bottom heavy
2021,0.548911,954.72394,RGI60-01.14883,1.0,5.0,32.0,11.509727457137222,743.599,2,3104,1097,13.0,210,1.7104324102401731,Very bottom heavy
2015,0.25166112,1178.76,LemonCreek,1.0,6.0,32.0,7.069766622005036,9.528,676,1494,1123,10.0,327,-1.1857118787619736,Equidimensional
2017,0.716015,1028.73,LemonCreek,1.0,6.0,32.0,7.069766622005036,9.528,676,1494,1123,10.0,327,-1.1857118787619736,Equidimensional
2019,0.053469222,1293.88,LemonCreek,1.0,6.0,32.0,7.069766622005036,9.528,676,1494,1123,10.0,327,-1.1857118787619736,Equidimensional
2019,0.18504198500000002,1625.96,RGI60-01.01151,1.0,6.0,32.0,7.5916187545304705,11.78,902,1956,1402,13.0,356,-1.0417417185642168,Equidimensional
2022,0.46507865000000004,1446.73,RGI60-01.01151,1.0,6.0,32.0,7.5916187545304705,11.78,902,1956,1402,13.0,356,-1.0417417185642168,Equidimensional
2019,0.7601964,1141.59,RGI60-01.01390,1.0,6.0,32.0,11.6170884701665,521.396,0,2164,1367,5.0,118,-1.715368448260279,Very top heavy
2019,0.29649257,1568.745,RGI60-01.01524,1.0,6.0,32.0,19.34934751760089,461.384,104,2297,1466,9.0,250,-1.548872306783737,Very top heavy
2017,0.27594333,1814.0549999999998,RGI60-01.11616,1.0,6.0,32.0,9.502112396095782,24.781,1215,2258,1711,10.0,257,1.017298460006714,Equidimensional
2019,0.14815924000000003,1887.0700000000002,RGI60-01.11616,1.0,6.0,32.0,9.502112396095782,24.781,1215,2258,1711,10.0,257,1.017298460006714,Equidimensional
2022,0.26688513,1808.9650000000001,RGI60-01.11616,1.0,6.0,32.0,9.502112396095782,24.781,1215,2258,1711,10.0,257,1.017298460006714,Equidimensional
2013,0.555587,1786.28,RGI60-01.11654,1.0,6.0,32.0,6.779391456709305,11.298,1120,2282,1814,16.0,240,-1.6072758256546351,Very top heavy
2017,0.5971484,1753.93,RGI60-01.11654,1.0,6.0,32.0,6.779391456709305,11.298,1120,2282,1814,16.0,240,-1.6072758256546351,Very top heavy
2019,0.28610277500000003,1918.555,RGI60-01.11654,1.0,6.0,32.0,6.779391456709305,11.298,1120,2282,1814,16.0,240,-1.6072758256546351,Very top heavy
2022,0.48897482000000003,1814.79,RGI60-01.11654,1.0,6.0,32.0,6.779391456709305,11.298,1120,2282,1814,16.0,240,-1.6072758256546351,Very top heavy
2017,0.27594333,1814.0549999999998,RGI60-01.11788,1.0,6.0,32.0,9.502112396095782,24.781,1215,2258,1711,10.0,257,1.017298460006714,Equidimensional
2019,0.14815924000000003,1887.0700000000002,RGI60-01.11788,1.0,6.0,32.0,9.502112396095782,24.781,1215,2258,1711,10.0,257,1.017298460006714,Equidimensional
2022,0.26688513,1808.9650000000001,RGI60-01.11788,1.0,6.0,32.0,9.502112396095782,24.781,1215,2258,1711,10.0,257,1.017298460006714,Equidimensional
2013,0.5991348,761.49,RGI60-01.20796,1.0,6.0,32.0,13.546682628438464,549.286,12,3161,739,6.0,132,2.915130376815796,Very bottom heavy
2013,0.66333264,1014.66,RGI60-01.21014,1.0,6.0,32.0,9.70792243731558,457.535,10,2147,1116,8.0,120,-1.139538523065153,Equidimensional
2017,0.733671875,918.415,RGI60-01.21014,1.0,6.0,32.0,9.70792243731558,457.535,10,2147,1116,8.0,120,-1.139538523065153,Equidimensional
2019,0.33786526,1265.56,RGI60-01.21014,1.0,6.0,32.0,9.70792243731558,457.535,10,2147,1116,8.0,120,-1.139538523065153,Equidimensional
2022,0.7465958,898.78,RGI60-01.21014,1.0,6.0,32.0,9.70792243731558,457.535,10,2147,1116,8.0,120,-1.139538523065153,Equidimensional
2013,0.9452804,802.21,RGI60-01.22699,1.0,6.0,32.0,7.611862463831387,448.145,0,2840,1485,12.0,187,1.0680315494537354,Equidimensional
2017,0.8828002,959.12,RGI60-01.22699,1.0,6.0,32.0,7.611862463831387,448.145,0,2840,1485,12.0,187,1.0680315494537354,Equidimensional
2019,0.7374802,1140.2849999999999,RGI60-01.22699,1.0,6.0,32.0,7.611862463831387,448.145,0,2840,1485,12.0,187,1.0680315494537354,Equidimensional
2022,0.9291894,852.13,RGI60-01.22699,1.0,6.0,32.0,7.611862463831387,448.145,0,2840,1485,12.0,187,1.0680315494537354,Equidimensional
2013,0.64934367,1047.7,RGI60-01.23664,1.0,6.0,32.0,12.563195603738473,79.214,261,2083,1198,13.0,15,-1.259708687200272,Top heavy
2017,0.52229863,1155.56,RGI60-01.23664,1.0,6.0,32.0,12.563195603738473,79.214,261,2083,1198,13.0,15,-1.259708687200272,Top heavy
2019,0.34912106,1271.88,RGI60-01.23664,1.0,6.0,32.0,12.563195603738473,79.214,261,2083,1198,13.0,15,-1.259708687200272,Top heavy
2022,0.6512370199999999,1042.705,RGI60-01.23664,1.0,6.0,32.0,12.563195603738473,79.214,261,2083,1198,13.0,15,-1.259708687200272,Top heavy
2017,0.60300726,1773.64,RGI60-01.27103,1.0,6.0,32.0,9.054529314783927,86.656,873,2236,1768,4.0,359,1.0725882053375244,Equidimensional
2019,0.619802,1766.07,RGI60-01.27103,1.0,6.0,32.0,9.054529314783927,86.656,873,2236,1768,4.0,359,1.0725882053375244,Equidimensional
2022,0.8256229450000001,1643.99,RGI60-01.27103,1.0,6.0,32.0,9.054529314783927,86.656,873,2236,1768,4.0,359,1.0725882053375244,Equidimensional
2013,0.9249449,863.43445,RGI60-01.14391,1.0,6.0,32.0,7.611862463831387,448.145,0,2840,1485,12.0,187,1.0678094625473022,Equidimensional
2017,0.88281167,957.6451,RGI60-01.14391,1.0,6.0,32.0,7.611862463831387,448.145,0,2840,1485,12.0,187,1.0678094625473022,Equidimensional
2019,0.73747025,1139.5880499999998,RGI60-01.14391,1.0,6.0,32.0,7.611862463831387,448.145,0,2840,1485,12.0,187,1.0678094625473022,Equidimensional
2022,0.9291894,847.10767,RGI60-01.14391,1.0,6.0,32.0,7.611862463831387,448.145,0,2840,1485,12.0,187,1.0678094625473022,Equidimensional
2013,0.75832105,1166.0682,RGI60-01.03861,1.0,6.0,32.0,12.566113943501758,366.957,9,2913,1564,9.0,199,-1.2913202338277827,Top heavy
2017,0.66228575,1302.2283,RGI60-01.03861,1.0,6.0,32.0,12.566113943501758,366.957,9,2913,1564,9.0,199,-1.2913202338277827,Top heavy
2019,0.46456334,1542.20255,RGI60-01.03861,1.0,6.0,32.0,12.566113943501758,366.957,9,2913,1564,9.0,199,-1.2913202338277827,Top heavy
2022,0.80373865,1109.7382,RGI60-01.03861,1.0,6.0,32.0,12.566113943501758,366.957,9,2913,1564,9.0,199,-1.2913202338277827,Top heavy
2013,0.6919336,1296.1572,RGI60-01.04375,1.0,6.0,32.0,13.42381250670754,612.706,216,2483,1567,9.0,290,-1.6270025610632084,Very top heavy
2017,0.50000614,1555.54,RGI60-01.04375,1.0,6.0,32.0,13.42381250670754,612.706,216,2483,1567,9.0,290,-1.6270025610632084,Very top heavy
2019,0.39426023,1678.8216499999999,RGI60-01.04375,1.0,6.0,32.0,13.42381250670754,612.706,216,2483,1567,9.0,290,-1.6270025610632084,Very top heavy
2022,0.7934178,1096.0428,RGI60-01.04375,1.0,6.0,32.0,13.42381250670754,612.706,216,2483,1567,9.0,290,-1.6270025610632084,Very top heavy
2017,0.6188407,1385.0,RGI60-01.06268,1.0,6.0,32.0,8.30237265895755,111.079,560,2229,1465,5.0,95,-1.1871658109705672,Equidimensional
2018,0.49364343,1470.0,RGI60-01.06268,1.0,6.0,32.0,8.30237265895755,111.079,560,2229,1465,5.0,95,-1.1871658109705672,Equidimensional
2019,0.22371605,1671.0,RGI60-01.06268,1.0,6.0,32.0,8.30237265895755,111.079,560,2229,1465,5.0,95,-1.1871658109705672,Equidimensional
2022,0.718514775,1348.5,RGI60-01.06268,1.0,6.0,32.0,8.30237265895755,111.079,560,2229,1465,5.0,95,-1.1871658109705672,Equidimensional
2017,0.60300726,1773.8068,RGI60-01.06722,1.0,6.0,32.0,9.054529314783927,86.656,873,2236,1768,4.0,359,1.075196623802185,Equidimensional
2019,0.619802,1766.2378,RGI60-01.06722,1.0,6.0,32.0,9.054529314783927,86.656,873,2236,1768,4.0,359,1.075196623802185,Equidimensional
2022,0.8256229450000001,1644.0201499999998,RGI60-01.06722,1.0,6.0,32.0,9.054529314783927,86.656,873,2236,1768,4.0,359,1.075196623802185,Equidimensional
2013,0.36136988,2233.66,RGI60-02.12468,2.0,1.0,32.0,5.9721900792044,17.052,1663,2423,2204,11.8,321,-2.541599619211864,Very top heavy
2017,0.23405775,2267.87,RGI60-02.12468,2.0,1.0,32.0,5.9721900792044,17.052,1663,2423,2204,11.8,321,-2.541599619211864,Very top heavy
2019,0.07085278,2316.5249999999996,RGI60-02.12468,2.0,1.0,32.0,5.9721900792044,17.052,1663,2423,2204,11.8,321,-2.541599619211864,Very top heavy
2022,0.4648716,2201.71,RGI60-02.12468,2.0,1.0,32.0,5.9721900792044,17.052,1663,2423,2204,11.8,321,-2.541599619211864,Very top heavy
2013,0.37145412,2201.85,RGI60-02.12483,2.0,1.0,32.0,7.389069452416812,22.025,1481,2465,2159,11.4,74,-1.8880629524774024,Very top heavy
2017,0.24319485,2241.3,RGI60-02.12483,2.0,1.0,32.0,7.389069452416812,22.025,1481,2465,2159,11.4,74,-1.8880629524774024,Very top heavy
2019,0.35164732,2189.5,RGI60-02.12483,2.0,1.0,32.0,7.389069452416812,22.025,1481,2465,2159,11.4,74,-1.8880629524774024,Very top heavy
2022,0.37314314,2201.1,RGI60-02.12483,2.0,1.0,32.0,7.389069452416812,22.025,1481,2465,2159,11.4,74,-1.8880629524774024,Very top heavy
2017,0.011226474,2284.3325,RGI60-02.12684,2.0,1.0,32.0,4.738802702667645,3.322,1836,2344,2127,12.2,332,-1.6024530961130912,Very top heavy
2019,0.0059952398,2289.00695,RGI60-02.12684,2.0,1.0,32.0,4.738802702667645,3.322,1836,2344,2127,12.2,332,-1.6024530961130912,Very top heavy
2022,0.092782418,2236.6054000000004,RGI60-02.12684,2.0,1.0,32.0,4.738802702667645,3.322,1836,2344,2127,12.2,332,-1.6024530961130912,Very top heavy
2017,0.083027214,2274.9307,RGI60-02.12702,2.0,1.0,32.0,5.627114310282235,5.477,1840,2423,2145,13.4,352,-1.073296912377506,Equidimensional
2019,0.024663268000000002,2333.2419499999996,RGI60-02.12702,2.0,1.0,32.0,5.627114310282235,5.477,1840,2423,2145,13.4,352,-1.073296912377506,Equidimensional
2022,0.0957369,2268.674,RGI60-02.12702,2.0,1.0,32.0,5.627114310282235,5.477,1840,2423,2145,13.4,352,-1.073296912377506,Equidimensional
2013,0.08168713,2184.6006,RGI60-02.12947,2.0,1.0,32.0,4.896455843087035,5.102,1637,2301,2086,13.7,79,-1.214027543315883,Top heavy
2017,0.008181142,2236.0908,RGI60-02.12947,2.0,1.0,32.0,4.896455843087035,5.102,1637,2301,2086,13.7,79,-1.214027543315883,Top heavy
2022,0.0637553285,2191.83035,RGI60-02.12947,2.0,1.0,32.0,4.896455843087035,5.102,1637,2301,2086,13.7,79,-1.214027543315883,Top heavy
2013,0.23987234,2208.5066,RGI60-02.12969,2.0,1.0,32.0,7.914026951385238,12.051,1318,2548,2147,12.5,32,-2.003013136717348,Very top heavy
2017,0.113623391,2259.14895,RGI60-02.12969,2.0,1.0,32.0,7.914026951385238,12.051,1318,2548,2147,12.5,32,-2.003013136717348,Very top heavy
2019,0.050806107999999996,2293.1067000000003,RGI60-02.12969,2.0,1.0,32.0,7.914026951385238,12.051,1318,2548,2147,12.5,32,-2.003013136717348,Very top heavy
2022,0.13856806,2240.5326,RGI60-02.12969,2.0,1.0,32.0,7.914026951385238,12.051,1318,2548,2147,12.5,32,-2.003013136717348,Very top heavy
2013,0.19105972,2110.3782,RGI60-02.13254,2.0,1.0,32.0,8.092653065043804,5.309,1616,2541,2033,14.0,166,1.2690738439559937,Bottom heavy
2017,0.10976046,2155.7173,RGI60-02.13254,2.0,1.0,32.0,8.092653065043804,5.309,1616,2541,2033,14.0,166,1.2690738439559937,Bottom heavy
2019,0.159272235,2129.2483,RGI60-02.13254,2.0,1.0,32.0,8.092653065043804,5.309,1616,2541,2033,14.0,166,1.2690738439559937,Bottom heavy
2022,0.26347405,2082.4263,RGI60-02.13254,2.0,1.0,32.0,8.092653065043804,5.309,1616,2541,2033,14.0,166,1.2690738439559937,Bottom heavy
2013,0.21775168,2130.5989,RGI60-02.13284,2.0,1.0,32.0,7.32329301869902,5.706,1417,2465,2025,17.7,359,-1.4157328705025725,Top heavy
2017,0.104881,2201.5852,RGI60-02.13284,2.0,1.0,32.0,7.32329301869902,5.706,1417,2465,2025,17.7,359,-1.4157328705025725,Top heavy
2019,0.27761475,2106.2497000000003,RGI60-02.13284,2.0,1.0,32.0,7.32329301869902,5.706,1417,2465,2025,17.7,359,-1.4157328705025725,Top heavy
2022,0.34751934,2076.327,RGI60-02.13284,2.0,1.0,32.0,7.32329301869902,5.706,1417,2465,2025,17.7,359,-1.4157328705025725,Top heavy
2013,0.19065657,2176.6558,RGI60-02.13285,2.0,1.0,32.0,5.9791142719015085,3.757,1605,2464,2062,16.5,348,-1.0239666260877485,Equidimensional
2017,0.0682172015,2254.7806499999997,RGI60-02.13285,2.0,1.0,32.0,5.9791142719015085,3.757,1605,2464,2062,16.5,348,-1.0239666260877485,Equidimensional
2019,0.1606091,2189.11375,RGI60-02.13285,2.0,1.0,32.0,5.9791142719015085,3.757,1605,2464,2062,16.5,348,-1.0239666260877485,Equidimensional
2020,0.17302099,2184.0544,RGI60-02.13285,2.0,1.0,32.0,5.9791142719015085,3.757,1605,2464,2062,16.5,348,-1.0239666260877485,Equidimensional
2022,0.34261727,2120.445,RGI60-02.13285,2.0,1.0,32.0,5.9791142719015085,3.757,1605,2464,2062,16.5,348,-1.0239666260877485,Equidimensional
2013,0.5299838,2080.942,RGI60-02.13287,2.0,1.0,32.0,9.122461495905869,6.699,1521,2597,2108,19.3,72,-1.3891615002618565,Top heavy
2017,0.30504474,2201.3037,RGI60-02.13287,2.0,1.0,32.0,9.122461495905869,6.699,1521,2597,2108,19.3,72,-1.3891615002618565,Top heavy
2022,0.416723595,2144.8540000000003,RGI60-02.13287,2.0,1.0,32.0,9.122461495905869,6.699,1521,2597,2108,19.3,72,-1.3891615002618565,Top heavy
2017,0.03941909,2260.1743,RGI60-02.13290,2.0,1.0,32.0,6.181298925915909,4.679,1728,2441,2023,16.5,22,1.8039708137512207,Very bottom heavy
2019,0.026698935,2303.8206499999997,RGI60-02.13290,2.0,1.0,32.0,6.181298925915909,4.679,1728,2441,2023,16.5,22,1.8039708137512207,Very bottom heavy
2022,0.12991402,2169.6646,RGI60-02.13290,2.0,1.0,32.0,6.181298925915909,4.679,1728,2441,2023,16.5,22,1.8039708137512207,Very bottom heavy
2013,0.13808025,2237.0442,RGI60-02.13685,2.0,1.0,32.0,8.915630463279381,5.167,1703,2471,2082,14.7,27,1.3180660009384155,Bottom heavy
2017,0.05212837,2355.6533,RGI60-02.13685,2.0,1.0,32.0,8.915630463279381,5.167,1703,2471,2082,14.7,27,1.3180660009384155,Bottom heavy
2019,0.07407512,2333.2302,RGI60-02.13685,2.0,1.0,32.0,8.915630463279381,5.167,1703,2471,2082,14.7,27,1.3180660009384155,Bottom heavy
2022,0.2051257,2148.2256,RGI60-02.13685,2.0,1.0,32.0,8.915630463279381,5.167,1703,2471,2082,14.7,27,1.3180660009384155,Bottom heavy
2016,0.62764263,2170.0,RGI60-02.01843,2.0,2.0,34.0,9.172368251583938,5.271,1525,2714,2240,20.6,52,-1.5031447188890366,Very top heavy
2018,0.62896836,2168.0,RGI60-02.01843,2.0,2.0,34.0,9.172368251583938,5.271,1525,2714,2240,20.6,52,-1.5031447188890366,Very top heavy
2018,0.6563833,2115.0,RGI60-02.02364,2.0,2.0,34.0,8.16505575742329,18.317,1036,2703,2196,15.9,4,-2.2175573240506505,Very top heavy
2019,0.5705961,2158.5,RGI60-02.02364,2.0,2.0,34.0,8.16505575742329,18.317,1036,2703,2196,15.9,4,-2.2175573240506505,Very top heavy
2018,0.65110624,2290.0,RGI60-02.02606,2.0,2.0,34.0,10.451660372328112,71.642,1201,2954,2436,10.4,313,-2.24456522393521,Very top heavy
2019,0.57446162,2373.5,RGI60-02.02606,2.0,2.0,34.0,10.451660372328112,71.642,1201,2954,2436,10.4,313,-2.24456522393521,Very top heavy
2018,0.6149737,2006.0,RGI60-02.03578,2.0,2.0,34.0,10.705284533833373,136.85,589,2587,2082,7.7,283,-2.8003731223391104,Very top heavy
2019,0.47865766,2092.0,RGI60-02.03578,2.0,2.0,34.0,10.705284533833373,136.85,589,2587,2082,7.7,283,-2.8003731223391104,Very top heavy
2018,0.68815863,1991.0,RGI60-02.03586,2.0,2.0,34.0,12.543007068336662,131.112,697,2579,2102,8.7,276,-2.797618961265808,Very top heavy
2019,0.500285835,2098.0,RGI60-02.03586,2.0,2.0,34.0,12.543007068336662,131.112,697,2579,2102,8.7,276,-2.797618961265808,Very top heavy
2013,0.51308376,2249.0,RGI60-02.03769,2.0,2.0,34.0,6.843875849967443,5.572,1962,2731,2258,13.8,29,1.6565656661987305,Very bottom heavy
2018,0.16832414,2404.0,RGI60-02.03769,2.0,2.0,34.0,6.843875849967443,5.572,1962,2731,2258,13.8,29,1.6565656661987305,Very bottom heavy
2019,0.12376113,2426.0,RGI60-02.03769,2.0,2.0,34.0,6.843875849967443,5.572,1962,2731,2258,13.8,29,1.6565656661987305,Very bottom heavy
2016,0.5650623,2127.0,RGI60-02.04305,2.0,2.0,34.0,9.086236044464744,9.045,1366,2960,2168,19.5,355,1.031823754310608,Equidimensional
2017,0.3945257,2222.0,RGI60-02.04305,2.0,2.0,34.0,9.086236044464744,9.045,1366,2960,2168,19.5,355,1.031823754310608,Equidimensional
2018,0.36026138,2254.3076095900005,RGI60-02.04305,2.0,2.0,34.0,9.086236044464744,9.045,1366,2960,2168,19.5,355,1.031823754310608,Equidimensional
2019,0.39969252,2219.5,RGI60-02.04305,2.0,2.0,34.0,9.086236044464744,9.045,1366,2960,2168,19.5,355,1.031823754310608,Equidimensional
2021,0.25893394000000003,2362.0,RGI60-02.04305,2.0,2.0,34.0,9.086236044464744,9.045,1366,2960,2168,19.5,355,1.031823754310608,Equidimensional
2022,0.51711771,2150.5,RGI60-02.04305,2.0,2.0,34.0,9.086236044464744,9.045,1366,2960,2168,19.5,355,1.031823754310608,Equidimensional
2018,0.8126810250000001,1792.0,RGI60-02.04363,2.0,2.0,34.0,8.806832136294776,40.624,688,3197,2097,13.5,150,-1.317050692257173,Top heavy
2019,0.7519028299999999,1859.0,RGI60-02.04363,2.0,2.0,34.0,8.806832136294776,40.624,688,3197,2097,13.5,150,-1.317050692257173,Top heavy
2021,0.707231585,1893.5,RGI60-02.04363,2.0,2.0,34.0,8.806832136294776,40.624,688,3197,2097,13.5,150,-1.317050692257173,Top heavy
2022,0.83873405,1742.5,RGI60-02.04363,2.0,2.0,34.0,8.806832136294776,40.624,688,3197,2097,13.5,150,-1.317050692257173,Top heavy
2018,0.372117565,2461.0,RGI60-02.04403,2.0,2.0,34.0,16.35434397567971,40.605,960,3980,2222,18.8,12,1.4006410837173462,Bottom heavy
2019,0.4439848,2325.0,RGI60-02.04403,2.0,2.0,34.0,16.35434397567971,40.605,960,3980,2222,18.8,12,1.4006410837173462,Bottom heavy
2021,0.36390683,2473.0,RGI60-02.04403,2.0,2.0,34.0,16.35434397567971,40.605,960,3980,2222,18.8,12,1.4006410837173462,Bottom heavy
2022,0.43424891499999996,2339.5,RGI60-02.04403,2.0,2.0,34.0,16.35434397567971,40.605,960,3980,2222,18.8,12,1.4006410837173462,Bottom heavy
2018,0.6953370999999999,2044.5,RGI60-02.04410,2.0,2.0,34.0,9.674986023317643,26.132,1113,3185,2279,14.6,123,-1.356898543680094,Top heavy
2019,0.62082595,2130.0,RGI60-02.04410,2.0,2.0,34.0,9.674986023317643,26.132,1113,3185,2279,14.6,123,-1.356898543680094,Top heavy
2021,0.5880055500000001,2170.5,RGI60-02.04410,2.0,2.0,34.0,9.674986023317643,26.132,1113,3185,2279,14.6,123,-1.356898543680094,Top heavy
2022,0.788969885,1919.0,RGI60-02.04410,2.0,2.0,34.0,9.674986023317643,26.132,1113,3185,2279,14.6,123,-1.356898543680094,Top heavy
2016,0.55778736,1869.0,RGI60-02.05169,2.0,2.0,34.0,9.652640661738715,56.872,1064,2589,1936,10.7,337,-1.2550724412172545,Top heavy
2018,0.57104082,1857.0,RGI60-02.05169,2.0,2.0,34.0,9.652640661738715,56.872,1064,2589,1936,10.7,337,-1.2550724412172545,Top heavy
2021,0.523335865,1903.0,RGI60-02.05169,2.0,2.0,34.0,9.652640661738715,56.872,1064,2589,1936,10.7,337,-1.2550724412172545,Top heavy
2022,0.6213953,1808.5,RGI60-02.05169,2.0,2.0,34.0,9.652640661738715,56.872,1064,2589,1936,10.7,337,-1.2550724412172545,Top heavy
2016,0.8846208,1970.0,RGI60-02.06488,2.0,2.0,34.0,8.589824538568717,51.098,525,2768,2256,8.6,143,-3.306818093346388,Very top heavy
2018,0.895354975,1947.0,RGI60-02.06488,2.0,2.0,34.0,8.589824538568717,51.098,525,2768,2256,8.6,143,-3.306818093346388,Very top heavy
2019,0.8772603999999999,1981.5,RGI60-02.06488,2.0,2.0,34.0,8.589824538568717,51.098,525,2768,2256,8.6,143,-3.306818093346388,Very top heavy
2021,0.90224251,1918.5,RGI60-02.06488,2.0,2.0,34.0,8.589824538568717,51.098,525,2768,2256,8.6,143,-3.306818093346388,Very top heavy
2022,0.9056077,1921.0,RGI60-02.06488,2.0,2.0,34.0,8.589824538568717,51.098,525,2768,2256,8.6,143,-3.306818093346388,Very top heavy
2017,0.4483735,1752.0,RGI60-02.09758,2.0,2.0,34.0,6.60352719235674,6.643,1081,2259,1739,19.8,348,-1.329292922250082,Top heavy
2018,0.32892823,1818.0,RGI60-02.09758,2.0,2.0,34.0,6.60352719235674,6.643,1081,2259,1739,19.8,348,-1.329292922250082,Top heavy
2022,0.42033455,1773.5,RGI60-02.09758,2.0,2.0,34.0,6.60352719235674,6.643,1081,2259,1739,19.8,348,-1.329292922250082,Top heavy
2018,0.3516611,1788.0,RGI60-02.10175,2.0,2.0,34.0,8.787539647851146,9.658,1295,2187,1734,12.1,5,1.0442477464675903,Equidimensional
2018,0.52787936,1935.0,RGI60-02.10389,2.0,2.0,34.0,9.591169374298934,7.943,1072,2675,1961,21.8,70,-1.193548419224981,Equidimensional
2016,0.6702956,1941.0,RGI60-02.12428,2.0,2.0,34.0,14.13035888952226,153.427,587,3301,2120,13.5,234,-1.269103037782202,Top heavy
2018,0.61722207,2009.5,RGI60-02.12428,2.0,2.0,34.0,14.13035888952226,153.427,587,3301,2120,13.5,234,-1.269103037782202,Top heavy
2019,0.5510641249999999,2072.5,RGI60-02.12428,2.0,2.0,34.0,14.13035888952226,153.427,587,3301,2120,13.5,234,-1.269103037782202,Top heavy
2021,0.55675061,2065.0,RGI60-02.12428,2.0,2.0,34.0,14.13035888952226,153.427,587,3301,2120,13.5,234,-1.269103037782202,Top heavy
2022,0.6838542249999999,1925.0,RGI60-02.12428,2.0,2.0,34.0,14.13035888952226,153.427,587,3301,2120,13.5,234,-1.269103037782202,Top heavy
2018,0.66052,2254.0,RGI60-02.06145,2.0,3.0,36.0,8.613930880009885,7.213,1597,3457,2351,19.1,352,1.4587628841400146,Bottom heavy
2019,0.391129565,2454.0,RGI60-02.06145,2.0,3.0,36.0,8.613930880009885,7.213,1597,3457,2351,19.1,352,1.4587628841400146,Bottom heavy
2020,0.4003033,2431.0,RGI60-02.06145,2.0,3.0,36.0,8.613930880009885,7.213,1597,3457,2351,19.1,352,1.4587628841400146,Bottom heavy
2022,0.34135795,2551.0,RGI60-02.06145,2.0,3.0,36.0,8.613930880009885,7.213,1597,3457,2351,19.1,352,1.4587628841400146,Bottom heavy
2018,0.95272855,2306.9440698499993,RGI60-02.06149,2.0,3.0,36.0,6.085520771478367,15.814,1850,3296,2651,12.3,149,-1.2243975792606054,Top heavy
2019,0.6266589499999999,2591.5,RGI60-02.06149,2.0,3.0,36.0,6.085520771478367,15.814,1850,3296,2651,12.3,149,-1.2243975792606054,Top heavy
2020,0.8387952000000001,2498.5,RGI60-02.06149,2.0,3.0,36.0,6.085520771478367,15.814,1850,3296,2651,12.3,149,-1.2243975792606054,Top heavy
2022,0.564394205,2625.0,RGI60-02.06149,2.0,3.0,36.0,6.085520771478367,15.814,1850,3296,2651,12.3,149,-1.2243975792606054,Top heavy
2018,0.9218516999999999,2304.5,RGI60-02.06152,2.0,3.0,36.0,6.837336931352479,17.945,1548,3315,2640,11.9,112,-1.5244072383742615,Very top heavy
2019,0.65034305,2538.0,RGI60-02.06152,2.0,3.0,36.0,6.837336931352479,17.945,1548,3315,2640,11.9,112,-1.5244072383742615,Very top heavy
2020,0.75168197,2493.0,RGI60-02.06152,2.0,3.0,36.0,6.837336931352479,17.945,1548,3315,2640,11.9,112,-1.5244072383742615,Very top heavy
2022,0.63220508,2557.5,RGI60-02.06152,2.0,3.0,36.0,6.837336931352479,17.945,1548,3315,2640,11.9,112,-1.5244072383742615,Very top heavy
2015,0.90315366,1921.0,RGI60-02.06862,2.0,3.0,36.0,11.31119049069564,20.588,1627,3134,2471,13.9,331,-1.0243902736870334,Equidimensional
2018,0.72616897,2194.0,RGI60-02.06862,2.0,3.0,36.0,11.31119049069564,20.588,1627,3134,2471,13.9,331,-1.0243902736870334,Equidimensional
2019,0.44592467,2509.0,RGI60-02.06862,2.0,3.0,36.0,11.31119049069564,20.588,1627,3134,2471,13.9,331,-1.0243902736870334,Equidimensional
2020,0.4174272,2533.0,RGI60-02.06862,2.0,3.0,36.0,11.31119049069564,20.588,1627,3134,2471,13.9,331,-1.0243902736870334,Equidimensional
2022,0.4700056,2490.0,RGI60-02.06862,2.0,3.0,36.0,11.31119049069564,20.588,1627,3134,2471,13.9,331,-1.0243902736870334,Equidimensional
2018,0.69238585,2288.0,RGI60-02.06868,2.0,3.0,36.0,9.938610084932549,9.063,1878,3151,2410,21.7,16,1.3909775018692017,Bottom heavy
2019,0.28723920999999997,2535.0,RGI60-02.06868,2.0,3.0,36.0,9.938610084932549,9.063,1878,3151,2410,21.7,16,1.3909775018692017,Bottom heavy
2020,0.344333485,2497.0,RGI60-02.06868,2.0,3.0,36.0,9.938610084932549,9.063,1878,3151,2410,21.7,16,1.3909775018692017,Bottom heavy
2021,0.52545853,2393.5,RGI60-02.06868,2.0,3.0,36.0,9.938610084932549,9.063,1878,3151,2410,21.7,16,1.3909775018692017,Bottom heavy
2022,0.34730077000000004,2495.0,RGI60-02.06868,2.0,3.0,36.0,9.938610084932549,9.063,1878,3151,2410,21.7,16,1.3909775018692017,Bottom heavy
2018,0.8335662500000001,2226.0,RGI60-02.06929,2.0,3.0,36.0,8.040381372300866,30.386,1820,3283,2622,10.2,110,-1.178466090578813,Equidimensional
2019,0.622766525,2558.0,RGI60-02.06929,2.0,3.0,36.0,8.040381372300866,30.386,1820,3283,2622,10.2,110,-1.178466090578813,Equidimensional
2020,0.69503025,2486.5,RGI60-02.06929,2.0,3.0,36.0,8.040381372300866,30.386,1820,3283,2622,10.2,110,-1.178466090578813,Equidimensional
2021,0.6602637250000001,2511.5,RGI60-02.06929,2.0,3.0,36.0,8.040381372300866,30.386,1820,3283,2622,10.2,110,-1.178466090578813,Equidimensional
2022,0.593255015,2575.0,RGI60-02.06929,2.0,3.0,36.0,8.040381372300866,30.386,1820,3283,2622,10.2,110,-1.178466090578813,Equidimensional
2018,0.56406042,2278.0,RGI60-02.07002,2.0,3.0,36.0,10.356566223257335,16.033,1896,2991,2324,9.2,146,1.606481432914734,Very bottom heavy
2019,0.14017764,2491.0,RGI60-02.07002,2.0,3.0,36.0,10.356566223257335,16.033,1896,2991,2324,9.2,146,1.606481432914734,Very bottom heavy
2020,0.377041905,2388.0,RGI60-02.07002,2.0,3.0,36.0,10.356566223257335,16.033,1896,2991,2324,9.2,146,1.606481432914734,Very bottom heavy
2022,0.15292886500000002,2486.0,RGI60-02.07002,2.0,3.0,36.0,10.356566223257335,16.033,1896,2991,2324,9.2,146,1.606481432914734,Very bottom heavy
2015,0.98529756,1918.0,RGI60-02.07301,2.0,3.0,36.0,9.502012870129404,20.379,1582,3250,2592,13.0,7,-1.5279034824039277,Very top heavy
2018,0.8073676999999999,2421.0,RGI60-02.07301,2.0,3.0,36.0,9.502012870129404,20.379,1582,3250,2592,13.0,7,-1.5279034824039277,Very top heavy
2019,0.47415748,2600.0,RGI60-02.07301,2.0,3.0,36.0,9.502012870129404,20.379,1582,3250,2592,13.0,7,-1.5279034824039277,Very top heavy
2022,0.6168544,2557.0,RGI60-02.07301,2.0,3.0,36.0,9.502012870129404,20.379,1582,3250,2592,13.0,7,-1.5279034824039277,Very top heavy
2013,0.44912145,2414.0,RGI60-02.09116,2.0,3.0,36.0,6.027345530083696,10.064,2055,2763,2406,6.3,347,-1.0981012589876142,Equidimensional
2018,0.9374545,2188.0,RGI60-02.09116,2.0,3.0,36.0,6.027345530083696,10.064,2055,2763,2406,6.3,347,-1.0981012589876142,Equidimensional
2019,0.220540295,2457.5,RGI60-02.09116,2.0,3.0,36.0,6.027345530083696,10.064,2055,2763,2406,6.3,347,-1.0981012589876142,Equidimensional
2020,0.534494,2399.0,RGI60-02.09116,2.0,3.0,36.0,6.027345530083696,10.064,2055,2763,2406,6.3,347,-1.0981012589876142,Equidimensional
2021,0.157932135,2483.74288695,RGI60-02.09116,2.0,3.0,36.0,6.027345530083696,10.064,2055,2763,2406,6.3,347,-1.0981012589876142,Equidimensional
2022,0.55156994,2395.0,RGI60-02.09116,2.0,3.0,36.0,6.027345530083696,10.064,2055,2763,2406,6.3,347,-1.0981012589876142,Equidimensional
2013,0.42076054,2465.0,RGI60-02.09254,2.0,3.0,36.0,7.81550255321145,11.782,1878,3103,2426,13.3,128,1.2545126676559448,Bottom heavy
2018,0.8651299,2162.0,RGI60-02.09254,2.0,3.0,36.0,7.81550255321145,11.782,1878,3103,2426,13.3,128,1.2545126676559448,Bottom heavy
2019,0.34431275,2518.5,RGI60-02.09254,2.0,3.0,36.0,7.81550255321145,11.782,1878,3103,2426,13.3,128,1.2545126676559448,Bottom heavy
2022,0.7625664999999999,2236.5,RGI60-02.09254,2.0,3.0,36.0,7.81550255321145,11.782,1878,3103,2426,13.3,128,1.2545126676559448,Bottom heavy
2013,0.555436,2509.0,RGI60-02.09720,2.0,3.0,36.0,6.94836212106286,26.781,1721,3285,2526,11.8,91,-1.048239908079472,Equidimensional
2017,0.49023077,2528.0,RGI60-02.09720,2.0,3.0,36.0,6.94836212106286,26.781,1721,3285,2526,11.8,91,-1.048239908079472,Equidimensional
2018,0.8446785,2392.0,RGI60-02.09720,2.0,3.0,36.0,6.94836212106286,26.781,1721,3285,2526,11.8,91,-1.048239908079472,Equidimensional
2019,0.49837906500000007,2526.5,RGI60-02.09720,2.0,3.0,36.0,6.94836212106286,26.781,1721,3285,2526,11.8,91,-1.048239908079472,Equidimensional
2022,0.837929525,2400.5,RGI60-02.09720,2.0,3.0,36.0,6.94836212106286,26.781,1721,3285,2526,11.8,91,-1.048239908079472,Equidimensional
2018,0.4777489385,2596.618944,RGI60-02.12433,2.0,3.0,36.0,7.875227676430993,3.11,2089,2870,2634,14.7,60,-2.339130357190659,Very top heavy
2019,0.635606525,2589.5,RGI60-02.12433,2.0,3.0,36.0,7.875227676430993,3.11,2089,2870,2634,14.7,60,-2.339130357190659,Very top heavy
2021,0.44518523,2643.0,RGI60-02.12433,2.0,3.0,36.0,7.875227676430993,3.11,2089,2870,2634,14.7,60,-2.339130357190659,Very top heavy
2022,0.594403055,2602.0,RGI60-02.12433,2.0,3.0,36.0,7.875227676430993,3.11,2089,2870,2634,14.7,60,-2.339130357190659,Very top heavy
2018,0.878012975,2163.0,RGI60-02.12435,2.0,3.0,36.0,9.131436448570645,29.983,1550,3638,2883,14.7,249,-1.6026410711010577,Very top heavy
2019,0.71510467,2660.0,RGI60-02.12435,2.0,3.0,36.0,9.131436448570645,29.983,1550,3638,2883,14.7,249,-1.6026410711010577,Very top heavy
2020,0.735762535,2628.0,RGI60-02.12435,2.0,3.0,36.0,9.131436448570645,29.983,1550,3638,2883,14.7,249,-1.6026410711010577,Very top heavy
2021,0.80282118,2494.0,RGI60-02.12435,2.0,3.0,36.0,9.131436448570645,29.983,1550,3638,2883,14.7,249,-1.6026410711010577,Very top heavy
2022,0.740392275,2623.5,RGI60-02.12435,2.0,3.0,36.0,9.131436448570645,29.983,1550,3638,2883,14.7,249,-1.6026410711010577,Very top heavy
2018,0.878012975,2163.0,RGI60-02.12437,2.0,3.0,36.0,9.131436448570645,29.983,1550,3638,2883,14.7,249,-1.6026410711010577,Very top heavy
2019,0.71510467,2660.0,RGI60-02.12437,2.0,3.0,36.0,9.131436448570645,29.983,1550,3638,2883,14.7,249,-1.6026410711010577,Very top heavy
2020,0.735762535,2628.0,RGI60-02.12437,2.0,3.0,36.0,9.131436448570645,29.983,1550,3638,2883,14.7,249,-1.6026410711010577,Very top heavy
2021,0.80282118,2494.0,RGI60-02.12437,2.0,3.0,36.0,9.131436448570645,29.983,1550,3638,2883,14.7,249,-1.6026410711010577,Very top heavy
2022,0.740392275,2623.5,RGI60-02.12437,2.0,3.0,36.0,9.131436448570645,29.983,1550,3638,2883,14.7,249,-1.6026410711010577,Very top heavy
2018,0.84677714,2269.0,RGI60-02.12441,2.0,3.0,36.0,6.939813244876339,16.154,1982,3448,2870,12.6,93,-1.5292096520625698,Very top heavy
2019,0.6993741,2697.0,RGI60-02.12441,2.0,3.0,36.0,6.939813244876339,16.154,1982,3448,2870,12.6,93,-1.5292096520625698,Very top heavy
2020,0.74818142,2539.0,RGI60-02.12441,2.0,3.0,36.0,6.939813244876339,16.154,1982,3448,2870,12.6,93,-1.5292096520625698,Very top heavy
2021,0.7289439,2623.0,RGI60-02.12441,2.0,3.0,36.0,6.939813244876339,16.154,1982,3448,2870,12.6,93,-1.5292096520625698,Very top heavy
2022,0.659056325,2742.5,RGI60-02.12441,2.0,3.0,36.0,6.939813244876339,16.154,1982,3448,2870,12.6,93,-1.5292096520625698,Very top heavy
2016,0.36803365,2039.0,Blue,2.0,4.0,39.0,8.141721752389476,5.663,1252,2371,1880,17.7,19,-1.2560000047912598,Top heavy
2017,0.4302859,1980.0,Blue,2.0,4.0,39.0,8.141721752389476,5.663,1252,2371,1880,17.7,19,-1.2560000047912598,Top heavy
2018,0.37428905,2029.5,Blue,2.0,4.0,39.0,8.141721752389476,5.663,1252,2371,1880,17.7,19,-1.2560000047912598,Top heavy
2021,0.4545906,1936.5,Blue,2.0,4.0,39.0,8.141721752389476,5.663,1252,2371,1880,17.7,19,-1.2560000047912598,Top heavy
2022,0.340570435,2053.0,Blue,2.0,4.0,39.0,8.141721752389476,5.663,1252,2371,1880,17.7,19,-1.2560000047912598,Top heavy
2018,0.075500235,2860.5,Carbon,2.0,4.0,39.0,8.938921501794981,8.004,1085,3817,2154,16.9,354,1.5285648107528689,Very bottom heavy
2017,0.3869627,1838.0,RGI60-02.14009,2.0,4.0,39.0,6.832350613745048,4.287,1231,2134,1786,18.0,359,-1.60171922205393,Very top heavy
2018,0.27321416,1884.5,RGI60-02.14009,2.0,4.0,39.0,6.832350613745048,4.287,1231,2134,1786,18.0,359,-1.60171922205393,Very top heavy
2022,0.24141594500000002,1899.5,RGI60-02.14009,2.0,4.0,39.0,6.832350613745048,4.287,1231,2134,1786,18.0,359,-1.60171922205393,Very top heavy
2015,0.21489972,2567.0,RGI60-02.14256,2.0,4.0,39.0,8.938921501794981,8.004,1085,3817,2154,16.9,354,1.5285648107528689,Very bottom heavy
2017,0.15972248,2661.0,RGI60-02.14256,2.0,4.0,39.0,8.938921501794981,8.004,1085,3817,2154,16.9,354,1.5285648107528689,Very bottom heavy
2018,0.08768672500000001,2827.3581016,RGI60-02.14256,2.0,4.0,39.0,8.938921501794981,8.004,1085,3817,2154,16.9,354,1.5285648107528689,Very bottom heavy
2019,0.67495538,1855.0,RGI60-02.14256,2.0,4.0,39.0,8.938921501794981,8.004,1085,3817,2154,16.9,354,1.5285648107528689,Very bottom heavy
2020,0.045240863,2980.6893,RGI60-02.14256,2.0,4.0,39.0,8.938921501794981,8.004,1085,3817,2154,16.9,354,1.5285648107528689,Very bottom heavy
2021,0.24861135,2517.0,RGI60-02.14256,2.0,4.0,39.0,8.938921501794981,8.004,1085,3817,2154,16.9,354,1.5285648107528689,Very bottom heavy
2022,0.06765823900000001,2895.18816272,RGI60-02.14256,2.0,4.0,39.0,8.938921501794981,8.004,1085,3817,2154,16.9,354,1.5285648107528689,Very bottom heavy
2015,0.7822982,1979.0,RGI60-02.17738,2.0,4.0,39.0,6.728225715941654,4.996,1192,3269,2252,22.6,217,-1.0500982486737336,Equidimensional
2017,0.764409,2006.0,RGI60-02.17738,2.0,4.0,39.0,6.728225715941654,4.996,1192,3269,2252,22.6,217,-1.0500982486737336,Equidimensional
2018,0.76534766,2006.0,RGI60-02.17738,2.0,4.0,39.0,6.728225715941654,4.996,1192,3269,2252,22.6,217,-1.0500982486737336,Equidimensional
2019,0.7824637,1958.5,RGI60-02.17738,2.0,4.0,39.0,6.728225715941654,4.996,1192,3269,2252,22.6,217,-1.0500982486737336,Equidimensional
2022,0.7097368,2097.0,RGI60-02.17738,2.0,4.0,39.0,6.728225715941654,4.996,1192,3269,2252,22.6,217,-1.0500982486737336,Equidimensional
2015,0.880988895,1802.685,SouthCascade,2.0,4.0,39.0,8.473623929969005,2.924,1613,2196,1891,12.8,350,1.2872456312179563,Bottom heavy
2016,0.71858928,1844.58,SouthCascade,2.0,4.0,39.0,8.473623929969005,2.924,1613,2196,1891,12.8,350,1.2872456312179563,Bottom heavy
2017,0.239516795,2029.2649999999999,SouthCascade,2.0,4.0,39.0,8.473623929969005,2.924,1613,2196,1891,12.8,350,1.2872456312179563,Bottom heavy
2018,0.31438489000000003,2004.995,SouthCascade,2.0,4.0,39.0,8.473623929969005,2.924,1613,2196,1891,12.8,350,1.2872456312179563,Bottom heavy
2019,0.16256823,2052.73,SouthCascade,2.0,4.0,39.0,8.473623929969005,2.924,1613,2196,1891,12.8,350,1.2872456312179563,Bottom heavy
2021,0.90288824,1797.51,SouthCascade,2.0,4.0,39.0,8.473623929969005,2.924,1613,2196,1891,12.8,350,1.2872456312179563,Bottom heavy
2022,0.280666365,2017.03,SouthCascade,2.0,4.0,39.0,8.473623929969005,2.924,1613,2196,1891,12.8,350,1.2872456312179563,Bottom heavy
2014,0.6431262,2353.0,RGI60-02.16664,2.0,5.0,38.0,9.319456877610614,1.586,2178,2670,2380,23.0,49,1.5693069696426392,Very bottom heavy
2019,0.33628739,2427.5,RGI60-02.16664,2.0,5.0,38.0,9.319456877610614,1.586,2178,2670,2380,23.0,49,1.5693069696426392,Very bottom heavy
2020,0.55486315,2367.0,RGI60-02.16664,2.0,5.0,38.0,9.319456877610614,1.586,2178,2670,2380,23.0,49,1.5693069696426392,Very bottom heavy
2021,0.42686805,2395.2473,RGI60-02.16664,2.0,5.0,38.0,9.319456877610614,1.586,2178,2670,2380,23.0,49,1.5693069696426392,Very bottom heavy
2022,0.409076575,2402.5,RGI60-02.16664,2.0,5.0,38.0,9.319456877610614,1.586,2178,2670,2380,23.0,49,1.5693069696426392,Very bottom heavy
2014,0.2050173,2552.0466,RGI60-02.16674,2.0,5.0,38.0,8.752337162339836,1.273,1945,2763,2436,25.3,356,-1.3757575404720648,Top heavy
2019,0.0795035,2602.0,RGI60-02.16674,2.0,5.0,38.0,8.752337162339836,1.273,1945,2763,2436,25.3,356,-1.3757575404720648,Top heavy
2020,0.21015005,2552.0,RGI60-02.16674,2.0,5.0,38.0,8.752337162339836,1.273,1945,2763,2436,25.3,356,-1.3757575404720648,Top heavy
2021,0.18642059,2559.0,RGI60-02.16674,2.0,5.0,38.0,8.752337162339836,1.273,1945,2763,2436,25.3,356,-1.3757575404720648,Top heavy
2022,0.23253596,2544.0,RGI60-02.16674,2.0,5.0,38.0,8.752337162339836,1.273,1945,2763,2436,25.3,356,-1.3757575404720648,Top heavy
2014,0.17422867,2181.0872,RGI60-02.16808,2.0,5.0,38.0,4.705992486093718,1.018,1961,2398,2039,17.2,23,5.610169410705566,Very bottom heavy
2020,0.09136507,2232.0,RGI60-02.16808,2.0,5.0,38.0,4.705992486093718,1.018,1961,2398,2039,17.2,23,5.610169410705566,Very bottom heavy
2022,0.0311572005,2289.5,RGI60-02.16808,2.0,5.0,38.0,4.705992486093718,1.018,1961,2398,2039,17.2,23,5.610169410705566,Very bottom heavy
2014,0.6191607,2219.0,RGI60-02.16912,2.0,5.0,38.0,12.043356950163997,1.255,1959,2539,2259,22.8,52,-1.030405380714133,Equidimensional
2017,0.93522775,2108.0,RGI60-02.16912,2.0,5.0,38.0,12.043356950163997,1.255,1959,2539,2259,22.8,52,-1.030405380714133,Equidimensional
2020,0.23497289,2329.5,RGI60-02.16912,2.0,5.0,38.0,12.043356950163997,1.255,1959,2539,2259,22.8,52,-1.030405380714133,Equidimensional
2022,0.2220185,2333.5,RGI60-02.16912,2.0,5.0,38.0,12.043356950163997,1.255,1959,2539,2259,22.8,52,-1.030405380714133,Equidimensional
2017,0.87792474,2209.0,RGI60-02.16923,2.0,5.0,38.0,8.870660702905518,1.754,2096,2674,2320,22.6,11,1.6834862232208252,Very bottom heavy
2020,0.28679277000000003,2420.5,RGI60-02.16923,2.0,5.0,38.0,8.870660702905518,1.754,2096,2674,2320,22.6,11,1.6834862232208252,Very bottom heavy
2022,0.19093663500000002,2478.9092,RGI60-02.16923,2.0,5.0,38.0,8.870660702905518,1.754,2096,2674,2320,22.6,11,1.6834862232208252,Very bottom heavy
2014,0.43316832,2457.0,RGI60-02.17025,2.0,5.0,38.0,10.804168613022478,0.523,2216,2609,2446,26.3,7,-1.3068182287306718,Top heavy
2020,0.1644674,2522.9731,RGI60-02.17025,2.0,5.0,38.0,10.804168613022478,0.523,2216,2609,2446,26.3,7,-1.3068182287306718,Top heavy
2021,0.37346438,2468.0,RGI60-02.17025,2.0,5.0,38.0,10.804168613022478,0.523,2216,2609,2446,26.3,7,-1.3068182287306718,Top heavy
2022,0.174603175,2526.0,RGI60-02.17025,2.0,5.0,38.0,10.804168613022478,0.523,2216,2609,2446,26.3,7,-1.3068182287306718,Top heavy
2014,0.94189316,2326.0,RGI60-02.17029,2.0,5.0,38.0,8.451807857895476,1.413,2078,2846,2534,25.4,141,-1.4501607758731343,Top heavy
2020,0.8059131500000001,2406.48175,RGI60-02.17029,2.0,5.0,38.0,8.451807857895476,1.413,2078,2846,2534,25.4,141,-1.4501607758731343,Top heavy
2021,0.8558716,2354.33935,RGI60-02.17029,2.0,5.0,38.0,8.451807857895476,1.413,2078,2846,2534,25.4,141,-1.4501607758731343,Top heavy
2022,0.824586225,2408.0,RGI60-02.17029,2.0,5.0,38.0,8.451807857895476,1.413,2078,2846,2534,25.4,141,-1.4501607758731343,Top heavy
2014,0.16709183,2583.38,Sperry,2.0,5.0,38.0,6.630013369890289,1.281,2248,2761,2383,18.9,345,2.9712231159210205,Very bottom heavy
2018,0.9747406,2316.29,Sperry,2.0,5.0,38.0,6.630013369890289,1.281,2248,2761,2383,18.9,345,2.9712231159210205,Very bottom heavy
2020,0.116500065,2645.35,Sperry,2.0,5.0,38.0,6.630013369890289,1.281,2248,2761,2383,18.9,345,2.9712231159210205,Very bottom heavy
2021,0.60784316,2423.39,Sperry,2.0,5.0,38.0,6.630013369890289,1.281,2248,2761,2383,18.9,345,2.9712231159210205,Very bottom heavy
2022,0.21467357,2594.3450000000003,Sperry,2.0,5.0,38.0,6.630013369890289,1.281,2248,2761,2383,18.9,345,2.9712231159210205,Very bottom heavy
